Commit,Target Amount,Amount,Expiration Date,Name,Client Batch Quarter
,,,05/01/2013,Opp-Panta Rhei Information-Q2 2013-2,Q2 2013
,338.77,207.83,05/13/2013,Opp-DISTI/LAKE SOLUTIONS AG-2013 Q2-1,Q2 2013
,353.37,353.37,05/23/2013,Opp-VNSP/COLUMBA INFORMATIK AG-2013 Q2-1,Q2 2013
,467.95,467.95,05/24/2013,Opp-Bachmann electronic-Q2 2013-2,Q2 2013
,,,05/27/2013,Opp-BDS Gunz & Co-Q2 2013-4,Q2 2013
,,,05/31/2013,Opp-UNIVERSITT INNSBRUCK-Q2 2013-3,Q2 2013
,,,05/31/2013,Opp-POLLMANN INTERNATIONAL-Q2 2013-2,Q2 2013
,692.02,692.02,05/31/2013,Opp-MUNDO AG FRUCHTIMPORT-2013 Q2-1,Q2 2013
,,,05/31/2013,Opp-LGV-Frischgemüse Wien-Q2 2013-2,Q2 2013
,331.29,331.29,05/31/2013,Opp-EIDG.OBERZOLLDIREKTION-2013 Q2-1,Q2 2013
,485.04,485.04,06/01/2013,Opp-Zirovnik Daniel    TRU-Q2 2013-1,Q2 2013
AUTOREN / EVERGREEN,4519.45,4519.45,06/01/2013,Opp-ZINGG TRANSPORTE AG-Q2 2013-1,Q2 2013
AUTOREN / EVERGREEN,2668.74,2668.74,06/01/2013,Opp-MIKRON SA BOUDRY-Q2 2013-2,Q2 2013
,242.52,242.52,06/01/2013,"Opp-Wrndle Thomas, Ge TRU-Q2 2013-1",Q2 2013
,88265.45,88265.45,06/01/2013,Opp-VERISIGN SWITZERLAND SA-Q2 2013-1,Q2 2013
,28440.67,28440.67,06/01/2013,Opp-VERISIGN SARL-Q2 2013-1,Q2 2013
,240.66,240.66,06/01/2013,Opp-ADEG Pennerstorfer TRU-Q2 2013-1,Q2 2013
,4915.78,4915.78,06/01/2013,Opp-UC4 Software GmbH-Q2 2013-1,Q2 2013
,485.04,485.04,06/01/2013,Opp-Taschner Hans      TRU-Q2 2013-1,Q2 2013
,946.15,946.15,06/01/2013,Opp-TRU/ORSAY-Q2 2013-1,Q2 2013
,1894.93,1894.93,06/01/2013,Opp-TRU/ORSAY S.A.R.L.-Q2 2013-9,Q2 2013
,1283.64,1283.64,06/01/2013,Opp-TRU/ORSAY S.A.R.L.-Q2 2013-8,Q2 2013
,945.87,945.87,06/01/2013,Opp-TRU/ORSAY S.A.R.L.-Q2 2013-6,Q2 2013
,776.28,776.28,06/01/2013,Opp-TRU/ORSAY S.A.R.L.-Q2 2013-5,Q2 2013
,945.87,945.87,06/01/2013,Opp-TRU/ORSAY S.A.R.L.-Q2 2013-5,Q2 2013
,507.36,507.36,06/01/2013,Opp-TRU/ORSAY S.A.R.L.-Q2 2013-4,Q2 2013
,946.15,946.15,06/01/2013,Opp-TRU/ORSAY S.A.R.L.-Q2 2013-3,Q2 2013
,507.36,507.36,06/01/2013,Opp-TRU/ORSAY S.A.R.L.-Q2 2013-2,Q2 2013
,3784.32,3784.32,06/01/2013,Opp-TRU/ORSAY S.A.R.L.-Q2 2013-10,Q2 2013
AUTOREN / EVERGREEN,2762.05,2762.05,06/01/2013,Opp-AKROS AG-Q2 2013-1,Q2 2013
,507.36,507.36,06/01/2013,Opp-TRU/ORSAY S.A.R.L.-Q2 2013-1,Q2 2013
AUTOREN / EVERGREEN,2466.66,2466.66,06/01/2013,Opp-TEPPICHFABRIK DURA-MALANS AG-Q2 2013-1,Q2 2013
,4119.34,4119.34,06/01/2013,Opp-TBG                TRU-Q2 2013-1,Q2 2013
,2579.35,2579.35,06/01/2013,Opp-HAAKON AG-Q2 2013-1,Q2 2013
,970.08,970.08,06/01/2013,Opp-PB Fein + Frisch2  TRU-Q2 2013-1,Q2 2013
,14069.01,14069.01,06/01/2013,"Opp-ARS Software GmbH,-Q2 2013-1",Q2 2013
,30.1,30.1,06/01/2013,Opp-SWISSLOG AG             CLIENT-Q2 2013-1,Q2 2013
,485.04,485.04,06/01/2013,Opp-Maier B & E KG     TRU-Q2 2013-1,Q2 2013
,1367.64,1367.64,06/01/2013,Opp-Stork Prints Austria-Q2 2013-1,Q2 2013
AUTOREN / EVERGREEN,4064.69,4064.69,06/01/2013,Opp-SIX SIS AG-Q2 2013-1,Q2 2013
,4530.79,4530.79,06/01/2013,Opp-SIX S A G AG-Q2 2013-1,Q2 2013
,1074.01,1074.01,06/01/2013,Opp-SIG Combibloc GmbH-Q2 2013-1,Q2 2013
,485.04,485.04,06/01/2013,Opp-Adeg - Meisterfros TRU-Q2 2013-1,Q2 2013
,960,960,06/01/2013,Opp-Aichner Michael    TRU-Q2 2013-1,Q2 2013
AUTOREN / EVERGREEN,3192.59,3192.59,06/01/2013,Opp-ROHNER AG CHEM.FABRIK-Q2 2013-1,Q2 2013
,2326.63,2326.63,06/01/2013,Opp-Amari Austria GmbH-Q2 2013-1,Q2 2013
,481.32,481.32,06/01/2013,Opp-Anton  Kovsca      TRU-Q2 2013-1,Q2 2013
,242.52,242.52,06/01/2013,Opp-Artegra Werkstaett TRU-Q2 2013-1,Q2 2013
,240,240,06/01/2013,Opp-Pichler Hans Gmbh& TRU-Q2 2013-1,Q2 2013
AUTOREN / EVERGREEN,422.14,422.14,06/01/2013,Opp-ODLO INTERNATIONAL AG-Q2 2013-1,Q2 2013
,11798.79,11798.79,06/01/2013,Opp-NESTLE NESPRESSO SA-Q2 2013-1,Q2 2013
,960,960,06/01/2013,Opp-Mag Pichler Ernst  TRU-Q2 2013-1,Q2 2013
AUTOREN / EVERGREEN,335.89,335.89,06/01/2013,Opp-MIKRON SA BOUDRY-Q2 2013-1,Q2 2013
AUTOREN / EVERGREEN,1629.65,1629.65,06/01/2013,Opp-BBP AG-Q2 2013-1,Q2 2013
,10995.47,10995.47,06/01/2013,Opp-LAUDER ESTEE GMBH-Q2 2013-1,Q2 2013
AUTOREN / EVERGREEN,1539.94,1539.94,06/01/2013,Opp-LAEDERACH AG / TRANSPORTE-Q2 2013-1,Q2 2013
,485.04,485.04,06/01/2013,Opp-Kaufhaus Thomas H TRU-Q2 2013-1,Q2 2013
,242.52,242.52,06/01/2013,Opp-Kaufhaus - Caterin TRU-Q2 2013-1,Q2 2013
,2897.8,2897.8,06/01/2013,Opp-Karl Egger OG-Q2 2013-1,Q2 2013
AUTOREN / EVERGREEN,1478.85,1478.85,06/01/2013,Opp-KARL MEYER & CO AG-Q2 2013-1,Q2 2013
,485.04,485.04,06/01/2013,Opp-Birnbauer OG       TRU-Q2 2013-1,Q2 2013
,91.61,91.61,06/01/2013,Opp-Bsendorfer-Q2 2013-1,Q2 2013
,485.04,485.04,06/01/2013,Opp-Hans Peter Kurzman TRU-Q2 2013-1,Q2 2013
,905.54,905.54,06/01/2013,Opp-Hagleitner Hygiene-Q2 2013-1,Q2 2013
,485.04,485.04,06/01/2013,Opp-Gerda Brigitte St TRU-Q2 2013-1,Q2 2013
,485.04,485.04,06/01/2013,Opp-Gerauer Ingeburg   TRU-Q2 2013-1,Q2 2013
AUTOREN / EVERGREEN,978.85,978.85,06/01/2013,Opp-GUESS EUROPE SAGL-Q2 2013-1,Q2 2013
,242.52,242.52,06/01/2013,Opp-Fuchs Helmut       TRU-Q2 2013-1,Q2 2013
,485.04,485.04,06/01/2013,Opp-Friedrich Oberreit TRU-Q2 2013-1,Q2 2013
,485.04,485.04,06/01/2013,Opp-Ferdinand Fuhrmann TRU-Q2 2013-1,Q2 2013
,329.04,329.04,06/01/2013,Opp-FREUDENBERG SPEZIALDIC-Q2 2013-1,Q2 2013
AUTOREN / EVERGREEN,4597.08,4597.08,06/01/2013,Opp-FILATURES DE LAINES-Q2 2013-1,Q2 2013
,,,06/07/2013,Opp-Maschinenfabrik Laska-Q2 2013-2,Q2 2013
,1321,1321,06/07/2013,Opp-Joka Werke-Q2 2013-3,Q2 2013
,1321,1321,06/10/2013,Opp-Traunfellner Anton-Q2 2013-2,Q2 2013
,322,322,06/10/2013,Opp-Jäger Bau GesmbH-Q2 2013-3,Q2 2013
,,,06/10/2013,Opp-Color Drack-Q2 2013-2,Q2 2013
,1321,1321,06/10/2013,Opp-Ehrlich Baustoffhandel-Q2 2013-2,Q2 2013
,322,322,06/20/2013,Opp-LEYRER + GRAF BAUUNTER-Q2 2013-2,Q2 2013
,14.31,14.31,06/21/2013,Opp-Grabher Karl-Q2 2013-2,Q2 2013
,14.31,14.31,06/23/2013,Opp-Trepka Alfred-Q2 2013-2,Q2 2013
,127.71,127.71,06/23/2013,Opp-BA/APC-PRO SA-2013 Q2-1,Q2 2013
,927.61,927.61,06/23/2013,Opp-ERZINGER AG BUERSTENFABRIK-2013 Q2-2,Q2 2013
,1139,1139,06/25/2013,Opp-ERZINGER AG BUERSTENFABRIK-2013 Q2-1,Q2 2013
,11.73,11.73,06/26/2013,Opp-LIBRO Handels GmbH TRU-Q2 2013-2,Q2 2013
,14.31,14.31,06/29/2013,Opp-Litzlbauer N.Kfz-Q2 2013-2,Q2 2013
Stretch,4573,4573,06/30/2013,Opp-ZWISSIG TRANSPORTS-Q2 2013-1,Q2 2013
,52540.78,52540.78,06/30/2013,Opp-Valartis Bank-Q2 2013-1,Q2 2013
,927.61,927.61,06/30/2013,Opp-VNSP/PIT INFORMATIONSSYSTEME-2013 Q2-1,Q2 2013
AUTOREN / EVERGREEN,6193.43,6193.43,06/30/2013,Opp-V/SMP DEPT.FINANZEN UND EDV-Q2 2013-1,Q2 2013
,,,06/30/2013,Opp-Team 7-Q2 2013-2,Q2 2013
,287.12,287.12,06/30/2013,Opp-VNSP/THETAZ INFORMATIK AG-2013 Q2-1,Q2 2013
Stretch,162.14,162.14,06/30/2013,Opp-ALTERSZENTRUM LINDENHOF-Q2 2013-1,Q2 2013
,,,06/30/2013,Opp-ANDRITZ HYDRO GMBH-Q2 2013-3,Q2 2013
,,,06/30/2013,Opp-Sab-Tours-Q2 2013-2,Q2 2013
,2890.7,2890.7,06/30/2013,Opp-AstraZeneca Österreich-Q2 2013-2,Q2 2013
,,,06/30/2013,Opp-SSI Schäfer Peem GmbH-Q2 2013-3,Q2 2013
,379,379,06/30/2013,Opp-ATOS IT-Q2 2013-2,Q2 2013
,176.69,176.69,06/30/2013,Opp-ROBERT RIEFFEL AG-2013 Q2-1,Q2 2013
,1255.96,1255.96,06/30/2013,Opp-Astrid Bernhuber e TRU-Q2 2013-1,Q2 2013
Stretch,6898.1,6898.1,06/30/2013,Opp-PESTALOZZI RECHTSANWAELTE AG-Q2 2013-1,Q2 2013
,191465.6,191465.6,06/30/2013,Opp-BAWAG P.S.K. GRUPPE-Q2 2013-1,Q2 2013
Stretch,5005.84,5005.84,06/30/2013,Opp-BERTSCHI ZUM BROTKORB AG-Q2 2013-1,Q2 2013
Stretch,37069.55,37069.55,06/30/2013,Opp-BEZEMA AG-Q2 2013-1,Q2 2013
Stretch,9532.01,9532.01,06/30/2013,Opp-JALLUT SA           73-Q2 2013-1,Q2 2013
,,,06/30/2013,Opp-Filterbau Ges.m.b.H.-Q2 2013-2,Q2 2013
,,,06/30/2013,Opp-Elektro Schwarzmann-Q2 2013-2,Q2 2013
AUTOREN / EVERGREEN,2273,2273,07/01/2013,Opp-ZUECO BUEROSITZMOEBEL AG-Q3 2013-1,Q3 2013
,4076.31,4076.31,07/01/2013,Opp-ZARA SEIERSBERG    TRU-Q3 2013-1,Q3 2013
,2906.43,2906.43,07/01/2013,Opp-ZARA SCS           TRU-Q3 2013-1,Q3 2013
,3592.18,3592.18,07/01/2013,Opp-ZARA SBG GETREIDEG TRU-Q3 2013-1,Q3 2013
,3565.39,3565.39,07/01/2013,Opp-ZARA SBG EUROPAPAR TRU-Q3 2013-1,Q3 2013
,1526.44,1526.44,07/01/2013,Opp-ZARA Oesterreich   TRU-Q3 2013-1,Q3 2013
,4700.16,4700.16,07/01/2013,Opp-ZARA MARIAHILFER S TRU-Q3 2013-1,Q3 2013
,3134.09,3134.09,07/01/2013,Opp-ZARA Linz          TRU-Q3 2013-1,Q3 2013
,2104.72,2104.72,07/01/2013,Opp-ZARA Kärntner Stra TRU-Q3 2013-1,Q3 2013
,3680.98,3680.98,07/01/2013,Opp-ZARA Klagenfurt    TRU-Q3 2013-1,Q3 2013
,4232.47,4232.47,07/01/2013,Opp-ZARA Innsbruck     TRU-Q3 2013-1,Q3 2013
,5346.76,5346.76,07/01/2013,Opp-ZARA Haas Haus     TRU-Q3 2013-1,Q3 2013
,3049.31,3049.31,07/01/2013,Opp-ZARA Graz          TRU-Q3 2013-1,Q3 2013
,3500.2,3500.2,07/01/2013,Opp-ZARA Donauzentrum  TRU-Q3 2013-1,Q3 2013
,6206.2,6206.2,07/01/2013,Opp-A1 TELEKOM AUSTRIA AG-Q3 2013-1,Q3 2013
,497.28,497.28,07/01/2013,Opp-Weiss Harald       TRU-Q3 2013-1,Q3 2013
,16306.97,16306.97,07/01/2013,Opp-ABB SCHWEIZ AG-Q3 2013-1,Q3 2013
,481.32,481.32,07/01/2013,Opp-ADEG Schwabl Manue TRU-Q3 2013-1,Q3 2013
,154.71,154.71,07/01/2013,Opp-Umdasch Aktiengesellsc-Q3 2013-1,Q3 2013
,62357.04,62357.04,07/01/2013,Opp-UNICREDIT BUSINESS INT-Q3 2013-1,Q3 2013
,1073.23,1073.23,07/01/2013,Opp-UMDASCH AG-Q3 2013-1,Q3 2013
AUTOREN / EVERGREEN,146.88,146.88,07/01/2013,Opp-AG BUERO 70-Q3 2013-1,Q3 2013
,2966.25,2966.25,07/01/2013,Opp-Technoglas-Q3 2013-1,Q3 2013
,3597.85,3597.85,07/01/2013,Opp-Stadtwerke Bruck-Q3 2013-1,Q3 2013
,295.29,295.29,07/01/2013,Opp-STVAR/SISA STUDIO INFORMATICA-Q3 2013-1,Q3 2013
,2585.28,2585.28,07/01/2013,Opp-PAYLIFE BANK GMBH-Q3 2013-1,Q3 2013
,2752.4,2752.4,07/01/2013,Opp-SUPSI-DTI-Q3 2013-1,Q3 2013
AUTOREN / EVERGREEN,4497.71,4497.71,07/01/2013,Opp-SPERRHOLZ-PLATTEN AG-Q3 2013-1,Q3 2013
,1308.83,1308.83,07/01/2013,Opp-SMC PNEUMATIK AG-Q3 2013-1,Q3 2013
AUTOREN / EVERGREEN,1301.39,1301.39,07/01/2013,Opp-SAFIN REVISIONI E FIDUCIARIA S-Q3 2013-1,Q3 2013
,21119.04,21119.04,07/01/2013,Opp-Robert Bosch AG-Q3 2013-1,Q3 2013
,21956.84,21956.84,07/01/2013,Opp-Rail Cargo Austria-Q3 2013-1,Q3 2013
,4222.86,4222.86,07/01/2013,Opp-Allianz Elementar Wien-Q3 2013-2,Q3 2013
AUTOREN / EVERGREEN,1858.39,1858.39,07/01/2013,Opp-RENTES GENEVOISES-Q3 2013-1,Q3 2013
,2768.84,2768.84,07/01/2013,Opp-Praher Beteiligung-Q3 2013-1,Q3 2013
AUTOREN / EVERGREEN,18168.87,18168.87,07/01/2013,Opp-PX SERVICES SA-Q3 2013-1,Q3 2013
AUTOREN / EVERGREEN,2775.28,2775.28,07/01/2013,Opp-PROLOGIST AG-Q3 2013-1,Q3 2013
,2130.3,2130.3,07/01/2013,Opp-PIAGET-Q3 2013-1,Q3 2013
,9095.14,9095.14,07/01/2013,Opp-PANGAS AG-Q3 2013-1,Q3 2013
,3913.11,3913.11,07/01/2013,Opp-OÖ.Gebietskrankenkasse-Q3 2013-1,Q3 2013
,5576.7,5576.7,07/01/2013,Opp-OEM/NAGRAVISION S.A.-Q3 2013-1,Q3 2013
,248.64,248.64,07/01/2013,Opp-Nahversorgung Gams TRU-Q3 2013-1,Q3 2013
,6164.69,6164.69,07/01/2013,Opp-B/INTESA SANPAOLO PRIVATE BANK-Q3 2013-1,Q3 2013
,29370.6,29370.6,07/01/2013,Opp-NE/S.TRAIT.INFORMATION-Q3 2013-1,Q3 2013
,5118.33,5118.33,07/01/2013,Opp-NAGRAVISION S.A.    SYSTEM X-Q3 2013-1,Q3 2013
,248.64,248.64,07/01/2013,Opp-Maria Kienberger   TRU-Q3 2013-1,Q3 2013
At Risk,2127.69,2127.69,07/01/2013,Opp-MEDIAPRESSE - PUB SA-Q3 2013-1,Q3 2013
,2175.01,2175.01,07/01/2013,Opp-MAGNA STEYR FUEL SYSTE-Q3 2013-1,Q3 2013
,6114.02,6114.02,07/01/2013,Opp-Landeshypo.N-Q3 2013-1,Q3 2013
,15457.13,15457.13,07/01/2013,Opp-Lam Research AG-Q3 2013-1,Q3 2013
,6936.88,6936.88,07/01/2013,Opp-BATA SCHUH AG-Q3 2013-1,Q3 2013
AUTOREN / EVERGREEN,1480.64,1480.64,07/01/2013,Opp-LAUFEN BATHROOMS AG-Q3 2013-1,Q3 2013
AUTOREN / EVERGREEN,5135.81,5135.81,07/01/2013,Opp-LANXESS INTERNATIONAL SA-Q3 2013-1,Q3 2013
,248.64,248.64,07/01/2013,Opp-Konsumverein Schni TRU-Q3 2013-1,Q3 2013
,745.92,745.92,07/01/2013,Opp-Konsumverein Hchs TRU-Q3 2013-1,Q3 2013
AUTOREN / EVERGREEN,1468.15,1468.15,07/01/2013,Opp-BOLTON SWISS SA-Q3 2013-1,Q3 2013
AUTOREN / EVERGREEN,2977.76,2977.76,07/01/2013,Opp-KERAMIK LAUFEN AG-Q3 2013-1,Q3 2013
,248.08,248.08,07/01/2013,Opp-KARE Wr. Neudorf-Q3 2013-1,Q3 2013
AUTOREN / EVERGREEN,1559.53,1559.53,07/01/2013,Opp-BUERGI AG BRENN- + TREIBSTOFFE-Q3 2013-1,Q3 2013
,1746.85,1746.85,07/01/2013,Opp-BauWelt Sochor-Q3 2013-1,Q3 2013
,3916.4,3916.4,07/01/2013,Opp-ISV/AG BUERO 70-Q3 2013-1,Q3 2013
,316.32,316.32,07/01/2013,Opp-IBS Inst.f.Brandschutz-Q3 2013-1,Q3 2013
,6691.05,6691.05,07/01/2013,Opp-Hydro Alum. Nenzing-Q3 2013-1,Q3 2013
Stretch,8393.31,8393.31,07/01/2013,Opp-HONDA MOTOR EUROPE LIMITED-Q3 2013-1,Q3 2013
,13594.11,13594.11,07/01/2013,Opp-HOERMANN (SCHWEIZ) AG-Q3 2013-1,Q3 2013
AUTOREN / EVERGREEN,332.72,332.72,07/01/2013,Opp-HERMES TRANSPORT AG-Q3 2013-1,Q3 2013
AUTOREN / EVERGREEN,614.13,614.13,07/01/2013,Opp-COFES SA-Q3 2013-1,Q3 2013
,1160.42,1160.42,07/01/2013,Opp-Containex-Q3 2013-1,Q3 2013
,544.9,544.9,07/01/2013,Opp-GRUNDFOS PUMPEN AG-Q3 2013-1,Q3 2013
AUTOREN / EVERGREEN,2233.98,2233.98,07/01/2013,Opp-GIGA SERVICES SA-Q3 2013-1,Q3 2013
,3630.28,3630.28,07/01/2013,Opp-DELAVAL AG-Q3 2013-1,Q3 2013
AUTOREN / EVERGREEN,2028,2028,07/01/2013,Opp-DELTA STAHLROEHRE BV-Q3 2013-1,Q3 2013
AUTOREN / EVERGREEN,71487.38,75651.53,07/01/2013,Opp-FL/LANDESVERWALTUNG-Q3 2013-1,Q3 2013
AUTOREN / EVERGREEN,1638.4,1638.4,07/01/2013,Opp-DUENKI A. TRANSPORTUNTERNEHMEN-Q3 2013-1,Q3 2013
,827.86,827.86,07/01/2013,Opp-Erzdizese Wien-Q3 2013-1,Q3 2013
AUTOREN / EVERGREEN,1397,1397,07/01/2013,Opp-EVOLUTIS SARL-Q3 2013-1,Q3 2013
AUTOREN / EVERGREEN,716.89,716.89,07/01/2013,Opp-ESH MANAGEMENT SA-Q3 2013-1,Q3 2013
,14.31,14.31,07/02/2013,"Opp-SCHNABL ANDREAS, ING-Q3 2013-2",Q3 2013
,11.47,11.47,07/04/2013,Opp-REWE INTERNATIONAL TRU-Q3 2013-2,Q3 2013
,15209,15209,07/04/2013,Opp-FTAGN/OSYS AG-2013 Q3-1,Q3 2013
,19,19,07/05/2013,Opp-Geb Krankenk NÖ-Q3 2013-2,Q3 2013
,,,07/06/2013,Opp-WSK BANK AG-Q3 2013-2,Q3 2013
,188.92,188.92,07/06/2013,Opp-AT&S Hinterberg-Q3 2013-2,Q3 2013
Stretch,6089.64,6089.64,07/06/2013,Opp-GALEXIS AG-Q3 2013-1,Q3 2013
,444,444,07/08/2013,Opp-GEOLOGISCHE BUNDESANST-Q3 2013-1,Q3 2013
,9.1,70.18,07/09/2013,Opp-BA/APC-PRO SA-2013 Q3-1,Q3 2013
,3519,3519,07/09/2013,Opp-Englmayer Sped-Q3 2013-3,Q3 2013
,1950.91,1950.91,07/10/2013,Opp-VNSP/BASE AG SW-ENGINEERING-2013 Q3-1,Q3 2013
,3376,3376,07/10/2013,Opp-KCS.net Österreich Gmb-Q3 2013-2,Q3 2013
,36.04,36.04,07/13/2013,Opp-Akras Flavours-Q3 2013-2,Q3 2013
,120.2,120.2,07/16/2013,Opp-Scientific Games Int-Q3 2013-2,Q3 2013
,50088,50088,07/17/2013,Opp-FTVAR/OSYS AG-2013 Q3-1,Q3 2013
,18.36,18.36,07/20/2013,Opp-XXXLUTZ KG         TRU-Q3 2013-2,Q3 2013
,244.67,244.67,07/24/2013,Opp-UBIS AUSTRIA-Q3 2013-3,Q3 2013
,244.67,244.67,07/24/2013,Opp-KAV ADV (IMC)-Q3 2013-2,Q3 2013
,,,07/26/2013,Opp-MAGNA STEYR Fahrzeug-Q3 2013-2,Q3 2013
,1472.39,1472.39,07/29/2013,Opp-STVAR/ACOMMIT AG-2013 Q3-1,Q3 2013
,202.86,202.86,07/29/2013,Opp-DADC Austria-Q3 2013-4,Q3 2013
,,,07/30/2013,Opp-Kraftwerke VKW Vbg-Q3 2013-2,Q3 2013
,,,07/31/2013,Opp-PwC Österreich GmbH-Q3 2013-2,Q3 2013
,,,07/31/2013,Opp-Messner GmbH-Q3 2013-2,Q3 2013
Stretch,19657.14,19657.14,07/31/2013,Opp-B/UNITED MIZRAHI BANK-Q3 2013-1,Q3 2013
,353.37,353.37,07/31/2013,Opp-BAER RENE AG ANTRIEBSTECHNIK-2013 Q3-1,Q3 2013
,,,07/31/2013,Opp-Landesklinikum Melk-Q3 2013-3,Q3 2013
,6321.84,6321.84,08/01/2013,Opp-Wr. Neustädt Wäschere-Q3 2013-1,Q3 2013
,1471.46,1471.46,08/01/2013,Opp-Wimmer Medien-Q3 2013-1,Q3 2013
,6829.68,6829.68,08/01/2013,Opp-Weitzer-Parkett-Q3 2013-1,Q3 2013
,4347.78,4347.78,08/01/2013,Opp-ADAMER&KNEISSL-Q3 2013-2,Q3 2013
,240.66,240.66,08/01/2013,Opp-ADEG Ruhdorfer Chr TRU-Q3 2013-1,Q3 2013
,2912.42,2912.42,08/01/2013,Opp-ADEG Österreich-Q3 2013-1,Q3 2013
AUTOREN / EVERGREEN,763.68,763.68,08/01/2013,Opp-ADNOVUM INFORMATIK AG-Q3 2013-1,Q3 2013
,2609.22,2609.22,08/01/2013,Opp-UBIS AUSTRIA-Q3 2013-2,Q3 2013
AUTOREN / EVERGREEN,1638.26,1638.26,08/01/2013,Opp-AIR-COLOR SA-Q3 2013-1,Q3 2013
,5133.24,5133.24,08/01/2013,Opp-TRU/CHAUSSURES AESCHBACH-Q3 2013-1,Q3 2013
AUTOREN / EVERGREEN,1857.76,1857.76,08/01/2013,Opp-TRANS FIDUCIAIRE SA-Q3 2013-1,Q3 2013
,3699.16,3699.16,08/01/2013,Opp-TAAGN/TECHNOLOGIES INFORMATIQU-Q3 2013-1,Q3 2013
,7564.83,7564.83,08/01/2013,Opp-Svoboda & Co Mbelwerk-Q3 2013-2,Q3 2013
,64.08,64.08,08/01/2013,Opp-Spielo International-Q3 2013-2,Q3 2013
,11671.44,11671.44,08/01/2013,Opp-Skidata-Q3 2013-1,Q3 2013
,6286.29,6286.29,08/01/2013,Opp-Skidata Solution Servi-Q3 2013-1,Q3 2013
,21886.19,21886.19,08/01/2013,Opp-Skidata AG interne IT-Q3 2013-1,Q3 2013
,20244.11,20244.11,08/01/2013,Opp-SkiData AG-Q3 2013-2,Q3 2013
,365.64,365.64,08/01/2013,Opp-Schlo~hotel Freisitz R-Q3 2013-1,Q3 2013
,307.31,307.31,08/01/2013,Opp-LANDESKLINIKUM HOLLABR-Q3 2013-1,Q3 2013
,2132.34,2132.34,08/01/2013,Opp-Salesianer Miettex-Q3 2013-1,Q3 2013
,1342.08,1342.08,08/01/2013,Opp-UNICREDIT LEASING-Q3 2013-1,Q3 2013
,538.11,538.11,08/01/2013,Opp-Landesklinikum Melk-Q3 2013-2,Q3 2013
,2310.03,2310.03,08/01/2013,Opp-Rist Theodor R.-Q3 2013-1,Q3 2013
,2569.41,2569.41,08/01/2013,Opp-SERGE FERRARI AG-Q3 2013-1,Q3 2013
,480,480,08/01/2013,Opp-Adeg Othmar Ratzin TRU-Q3 2013-1,Q3 2013
AUTOREN / EVERGREEN,19726.33,19726.33,08/01/2013,Opp-PREMEC SA-Q3 2013-1,Q3 2013
AUTOREN / EVERGREEN,1140.67,1140.67,08/01/2013,Opp-PICCADILLY SA-Q3 2013-1,Q3 2013
,8581,8581,08/01/2013,Opp-B/BORDIER & CIE BANQUIERS-Q3 2013-1,Q3 2013
AUTOREN / EVERGREEN,1224.34,1224.34,08/01/2013,Opp-NEWEDGE GROUP-Q3 2013-1,Q3 2013
,27928.85,27928.85,08/01/2013,Opp-B/SOCIETE GENERALE PRIVATE-Q3 2013-1,Q3 2013
,2898.63,2898.63,08/01/2013,Opp-Lindt & Sprüngli-Q3 2013-1,Q3 2013
,8.52,8.52,08/01/2013,Opp-BARRACUDA NETWORKS AG-Q3 2013-1,Q3 2013
,3102.98,3102.98,08/01/2013,Opp-Klacska P.GmbH + Co KG-Q3 2013-1,Q3 2013
AUTOREN / EVERGREEN,24703.42,24703.42,08/01/2013,Opp-BIELLA SCHWEIZ AG-Q3 2013-1,Q3 2013
,2288.97,2288.97,08/01/2013,Opp-KISLING AG-Q3 2013-1,Q3 2013
,12199.62,12199.62,08/01/2013,Opp-BOI GesmbH-Q3 2013-1,Q3 2013
AUTOREN / EVERGREEN,3276.38,3276.38,08/01/2013,Opp-KELLER & GLASER-Q3 2013-1,Q3 2013
,962.64,962.64,08/01/2013,Opp-KAUFHAUS FIDLER IN TRU-Q3 2013-1,Q3 2013
,311.88,311.88,08/01/2013,Opp-KAO SWITZERLAND AG-Q3 2013-1,Q3 2013
AUTOREN / EVERGREEN,9455.22,9455.22,08/01/2013,Opp-JCL LOGISTICS SWITZERLAND AG-Q3 2013-1,Q3 2013
,3897.11,3897.11,08/01/2013,Opp-Industrie-Logistik-Lin-Q3 2013-1,Q3 2013
,9211.05,9211.05,08/01/2013,Opp-ISV/COMARCH SWISS AG-Q3 2013-1,Q3 2013
AUTOREN / EVERGREEN,3350.32,3350.32,08/01/2013,Opp-ISV/ADNOVUM INFORMATIK AG-Q3 2013-1,Q3 2013
AUTOREN / EVERGREEN,8636.13,8636.13,08/01/2013,Opp-INTERCITY VERWALTUNGS-AG-Q3 2013-1,Q3 2013
AUTOREN / EVERGREEN,291.33,291.33,08/01/2013,Opp-IMAFID SA-Q3 2013-1,Q3 2013
,485.04,485.04,08/01/2013,Opp-Buresch Karin      TRU-Q3 2013-1,Q3 2013
,20643.24,20643.24,08/01/2013,Opp-IEC-INTERNAT.ELECTROTECH.COMM.-Q3 2013-1,Q3 2013
,1327.08,1327.08,08/01/2013,Opp-C & C ABHOLGROMÄRKTE-Q3 2013-1,Q3 2013
,2275.39,2275.39,08/01/2013,Opp-Hilti AG Thüringen-Q3 2013-1,Q3 2013
AUTOREN / EVERGREEN,2608.57,2608.57,08/01/2013,Opp-HOROVITZ ET TOTAH SA-Q3 2013-1,Q3 2013
,2189.94,2189.94,08/01/2013,Opp-HALLTEX-Q3 2013-1,Q3 2013
,3774.28,3774.28,08/01/2013,Opp-CLARIANT (SCHWEIZ) AG-Q3 2013-1,Q3 2013
AUTOREN / EVERGREEN,857.41,857.41,08/01/2013,Opp-COMARCH SWISS AG-Q3 2013-1,Q3 2013
,2091.62,2091.62,08/01/2013,Opp-Connex Verkehr-Q3 2013-1,Q3 2013
AUTOREN / EVERGREEN,4521.66,4521.66,08/01/2013,Opp-GRANGE & CIE SA-Q3 2013-1,Q3 2013
,1333.19,1333.19,08/01/2013,Opp-DBS Schachner-Q3 2013-1,Q3 2013
AUTOREN / EVERGREEN,2262.25,2262.25,08/01/2013,Opp-G/REN ZIL-GARAGE ST.GALLEN AG-Q3 2013-1,Q3 2013
AUTOREN / EVERGREEN,1977.32,1977.32,08/01/2013,Opp-G/GARAGE FOITEK AG-Q3 2013-1,Q3 2013
AUTOREN / EVERGREEN,313,313,08/01/2013,Opp-G/AUTOCENTRO CARLO STEGER SA-Q3 2013-1,Q3 2013
AUTOREN / EVERGREEN,51.52,51.52,08/01/2013,Opp-FRAMA AG-Q3 2013-1,Q3 2013
AUTOREN / EVERGREEN,1216.6,1216.6,08/01/2013,Opp-FIRST ADVISORY GROUP-Q3 2013-1,Q3 2013
,548.75,548.75,08/01/2013,Opp-Demner & Merlicek-Q3 2013-1,Q3 2013
,2739,2739,08/01/2013,Opp-Erne & Co Rohrbogenw-Q3 2013-2,Q3 2013
AUTOREN / EVERGREEN,9157.97,9157.97,08/02/2013,Opp-QUADRANTI B. E FIGLIO-Q3 2013-1,Q3 2013
,898.16,898.16,08/05/2013,Opp-GRAEUB AUTO CENTER AG-2013 Q3-1,Q3 2013
,574.63,574.63,08/06/2013,Opp-IMTECH ICT AUSTRIA GMB-Q3 2013-3,Q3 2013
Stretch,196953.52,196953.52,08/07/2013,Opp-ZH/DIREKTION DER JUSTIZ D.KT.Z-Q3 2013-1,Q3 2013
AUTOREN / EVERGREEN,2474.25,2474.25,08/08/2013,Opp-PROZ FRERES SA-Q3 2013-1,Q3 2013
,10.95,10.95,08/14/2013,Opp-Pfeiffer Handelsgm TRU-Q3 2013-2,Q3 2013
,5790.37,5790.37,08/15/2013,Opp-MULTIVAC EXPORT AG-Q3 2013-1,Q3 2013
,272.11,272.11,08/18/2013,Opp-Systema-Q3 2013-2,Q3 2013
AUTOREN / EVERGREEN,7313.03,7313.03,08/21/2013,Opp-INOTEX BERN AG-Q3 2013-1,Q3 2013
,,,08/31/2013,Opp-A1 TELEKOM AUSTRIA  AG-Q3 2013-2,Q3 2013
,,,08/31/2013,Opp-Vers.f.Eisenbahnen-Q3 2013-2,Q3 2013
,,,08/31/2013,Opp-Vers.Anst.f.Eisenbah-Q3 2013-1,Q3 2013
,1001.22,1001.22,08/31/2013,Opp-ISV/ERGON INFORMATIK AG-2013 Q3-1,Q3 2013
,927.61,927.61,08/31/2013,Opp-STVAR/FLEXSYSTEMS AG-2013 Q3-1,Q3 2013
,,1214.72,08/31/2013,Opp-SWISSLOG AG-2013 Q3-1,Q3 2013
,1177.91,1177.91,08/31/2013,Opp-STVAR/UMB AG-2013 Q3-1,Q3 2013
,3054,3054,08/31/2013,Opp-STVAR/BECHTLE REGENSDORF AG-2013 Q3-1,Q3 2013
,,,08/31/2013,Opp-SAG MOTION GMBH-Q3 2013-2,Q3 2013
,,,08/31/2013,Opp-NORD-TRANSPORT AG-2013 Q3-1,Q3 2013
,802.45,802.45,08/31/2013,Opp-BERNHARD BAUMSCHULEN AG-2013 Q3-1,Q3 2013
,1119.02,1119.02,08/31/2013,Opp-KWIZDA HOLDING GMBH-Q3 2013-2,Q3 2013
,,,08/31/2013,Opp-KOENIG FEINSTAHL AG-2013 Q3-1,Q3 2013
,522.7,522.7,08/31/2013,Opp-ITPEARLS AG-2013 Q3-1,Q3 2013
Stretch,5866.31,5866.31,08/31/2013,Opp-GASCOGNE LAMINATES SWITZERLAND-Q3 2013-1,Q3 2013
,1082.21,1082.21,08/31/2013,Opp-FRANZ AG-2013 Q3-1,Q3 2013
,1142.03,1142.03,09/01/2013,Opp-Ä rztek. Salzburg-Q3 2013-1,Q3 2013
AUTOREN / EVERGREEN,1675.49,1675.49,09/01/2013,Opp-ACUTRONIC SCHWEIZ AG-Q3 2013-1,Q3 2013
,99629.01,99629.01,09/01/2013,Opp-VAUDOISE ASSURANCES-Q3 2013-1,Q3 2013
,29.45,29.45,09/01/2013,Opp-V/SMP DEPT.FINANZEN UND EDV-2013 Q3-1,Q3 2013
,6990.66,6990.66,09/01/2013,Opp-AHV/SVA SG-Q3 2013-1,Q3 2013
,516.69,516.69,09/01/2013,Opp-ALPINE BAU GMBH-Q3 2013-1,Q3 2013
,3250,3250,09/01/2013,Opp-TA TRIUMPH-ADLER VISINFO AG-Q3 2013-1,Q3 2013
,500.24,500.24,09/01/2013,Opp-TI/CASSA PENSIONI CITTA LUGANO-Q3 2013-1,Q3 2013
,12965.59,12965.59,09/01/2013,Opp-Sparda Villach/Innsbr-Q3 2013-1,Q3 2013
,6606.19,6606.19,09/01/2013,Opp-Socit Gnrale-Q3 2013-1,Q3 2013
,2139.52,2139.52,09/01/2013,Opp-Theresienhof KH-Q3 2013-1,Q3 2013
,1490.71,1490.71,09/01/2013,Opp-SIKA INFORMATIONSSYSTEME AG-Q3 2013-1,Q3 2013
AUTOREN / EVERGREEN,5631.29,5631.29,09/01/2013,Opp-SABO OLEIFICIO-Q3 2013-1,Q3 2013
,633.13,633.13,09/01/2013,Opp-RRG ZUERICH SA-2013 Q3-1,Q3 2013
,11512.8,11512.8,09/01/2013,Opp-Pfanner-Q3 2013-2,Q3 2013
,10489.29,10489.29,09/01/2013,Opp-Peneder Service-Q3 2013-1,Q3 2013
AUTOREN / EVERGREEN,7598.23,7598.23,09/01/2013,Opp-B/BANCA ALETTI & C. (SUISSE)-Q3 2013-1,Q3 2013
AUTOREN / EVERGREEN,4890.2,4890.2,09/01/2013,Opp-PAISTE AG-Q3 2013-1,Q3 2013
,137.2,137.2,09/01/2013,Opp-Montanwerke Brixlegg-Q3 2013-1,Q3 2013
,9077.92,9077.92,09/01/2013,Opp-Med. Zentrallabor-Q3 2013-2,Q3 2013
AUTOREN / EVERGREEN,2231.96,2231.96,09/01/2013,Opp-MORAND FRERES VINS-Q3 2013-1,Q3 2013
,973.73,973.73,09/01/2013,Opp-KEBA AG-Q3 2013-1,Q3 2013
,3737.73,3737.73,09/01/2013,Opp-K E B A-Q3 2013-1,Q3 2013
,3746.46,3746.46,09/01/2013,Opp-ISV/ES CONCEPT SA-Q3 2013-1,Q3 2013
AUTOREN / EVERGREEN,2009.52,2009.52,09/01/2013,Opp-CARROSSERIE HESS AG-Q3 2013-1,Q3 2013
AUTOREN / EVERGREEN,131.25,131.25,09/01/2013,Opp-HAKAMA AG-Q3 2013-1,Q3 2013
AUTOREN / EVERGREEN,3147.92,3147.92,09/01/2013,Opp-GIEZENDANNER TRANSPORT AG-Q3 2013-1,Q3 2013
,974.51,974.51,09/01/2013,Opp-Frischeis J. & A.-Q3 2013-1,Q3 2013
,17955.08,17955.08,09/01/2013,Opp-FR. SAUTER AG-Q3 2013-1,Q3 2013
AUTOREN / EVERGREEN,607.06,607.06,09/01/2013,Opp-FERRECCHI FIDUCIARIA SA-Q3 2013-1,Q3 2013
,1503.24,1503.24,09/01/2013,Opp-Digital Elektronik-Q3 2013-2,Q3 2013
,1181.08,1181.08,09/01/2013,Opp-FACONA Fashion     TRU-Q3 2013-1,Q3 2013
,1301.35,1301.35,09/01/2013,Opp-E.Bernhard GmbH & CoKG-Q3 2013-1,Q3 2013
AUTOREN / EVERGREEN,2944.28,2944.28,09/01/2013,Opp-EAO AG-Q3 2013-1,Q3 2013
,,,09/07/2013,Opp-Fiegl & Spielberger-Q3 2013-2,Q3 2013
AUTOREN / EVERGREEN,1112.11,1112.11,09/08/2013,Opp-TRECOR SA-Q3 2013-1,Q3 2013
,,,09/09/2013,Opp-Brvz GesmbH-Q3 2013-2,Q3 2013
,4014,4014,09/10/2013,Opp-ARZ Allgemeines Rechen-Q3 2013-2,Q3 2013
AUTOREN / EVERGREEN,1246.5,1246.5,09/13/2013,Opp-FARDAFID SA-Q3 2013-1,Q3 2013
AUTOREN / EVERGREEN,2539.88,2539.88,09/15/2013,Opp-DIGITEC AG-Q3 2013-1,Q3 2013
,117.97,117.97,09/17/2013,Opp-I/AO FOUNDATION-2013 Q3-1,Q3 2013
,18.36,18.36,09/19/2013,Opp-Sport Eybl & Sport TRU-Q3 2013-3,Q3 2013
,22362.43,22362.43,09/21/2013,"Opp-B/LLOYDS TSB BANK PLC,LONDRES-Q3 2013-1",Q3 2013
,4024.39,4024.39,09/22/2013,Opp-TYCO FIRE-Q3 2013-1,Q3 2013
,54.11,54.11,09/25/2013,Opp-STVAR/PRISME SOLUTIONS INF.-2013 Q3-1,Q3 2013
,3054,3054,09/26/2013,Opp-GP/GATE INFORMATIC SA-2013 Q3-1,Q3 2013
,14.31,14.31,09/27/2013,Opp-Josef Brtzner GesmbH-Q3 2013-2,Q3 2013
,,,09/30/2013,Opp-WU-Q3 2013-1,Q3 2013
,,,09/30/2013,Opp-WALTER BÖSCH GMBH&CO K-Q3 2013-2,Q3 2013
,,,09/30/2013,Opp-Visa Austria-Q3 2013-2,Q3 2013
,,,09/30/2013,Opp-Viking GmbH-Q3 2013-2,Q3 2013
,633.13,633.13,09/30/2013,Opp-TAAGN/SIRIUS ITC AG-2013 Q3-1,Q3 2013
,1575.46,1575.46,09/30/2013,Opp-Adria Bank-Q3 2013-2,Q3 2013
,,,09/30/2013,Opp-Pfanner-Q3 2013-3,Q3 2013
,250.31,250.31,09/30/2013,Opp-BAHAG Baus-Q3 2013-3,Q3 2013
,,,09/30/2013,Opp-FRANKE INDUSTRIE AG-2013 Q3-1,Q3 2013
,56268.92,56268.92,10/01/2013,Opp-iT-AUSTRIA RS/6000-Q4 2013-1,Q4 2013
,68033.32,68033.32,10/01/2013,Opp-Wien IT-Q4 2013-1,Q4 2013
AUTOREN / EVERGREEN,2598.81,2598.81,10/01/2013,Opp-VOEGTLIN-MEYER AG-Q4 2013-1,Q4 2013
,4018.85,4018.85,10/01/2013,Opp-VNSP/THETAZ INFORMATIK AG-Q4 2013-1,Q4 2013
,1339.93,1339.93,10/01/2013,Opp-Trust Steiner-Q4 2013-1,Q4 2013
,1339.93,1339.93,10/01/2013,Opp-Sutterlüty Handel GmbH-Q4 2013-1,Q4 2013
,2466.05,2466.05,10/01/2013,Opp-TAAGN/ECONIS AG-Q4 2013-1,Q4 2013
,869.05,869.05,10/01/2013,Opp-iT-AUSTRIA AS/400-Q4 2013-1,Q4 2013
,188.34,188.34,10/01/2013,Opp-Geb Krankenk NÖ-Q4 2013-1,Q4 2013
,4176,4176,10/01/2013,Opp-SWISSCOM AG-Q4 2013-1,Q4 2013
,4241.5,4241.5,10/01/2013,Opp-doppler E. Doppler-Q4 2013-1,Q4 2013
AUTOREN / EVERGREEN,1690.42,1690.42,10/01/2013,Opp-SGG WASER AG-Q4 2013-1,Q4 2013
,17207.92,17207.92,10/01/2013,Opp-SCA Graphic Laakirchen-Q4 2013-1,Q4 2013
,3790.66,3790.66,10/01/2013,Opp-RUAG SPACE AG         ICN ONLY-Q4 2013-1,Q4 2013
,6.12,6.12,10/01/2013,Opp-Ambos EDV Beratung-Q4 2013-1,Q4 2013
AUTOREN / EVERGREEN,151.45,151.45,10/01/2013,Opp-RIBASTOREN AG-Q4 2013-1,Q4 2013
,24059.27,24059.27,10/01/2013,Opp-REWE International-Q4 2013-1,Q4 2013
AUTOREN / EVERGREEN,5982.88,5982.88,10/01/2013,Opp-PROMENA HOLDING AG-Q4 2013-1,Q4 2013
AUTOREN / EVERGREEN,1780.35,1780.35,10/01/2013,Opp-PFS PENSION FUND SERVICES AG-Q4 2013-1,Q4 2013
AUTOREN / EVERGREEN,3429.36,3429.36,10/01/2013,Opp-OPTISWISS AG-Q4 2013-1,Q4 2013
AUTOREN / EVERGREEN,1771.43,1771.43,10/01/2013,Opp-NYCO FLEXIBLE PACKAGING GMBH-Q4 2013-1,Q4 2013
AUTOREN / EVERGREEN,9898.56,9898.56,10/01/2013,Opp-MULLER FRANCK WATCHLAND SA-Q4 2013-1,Q4 2013
,4895.8,4895.8,10/01/2013,Opp-MCDONALD'S SUISSE MANAGEMENT-Q4 2013-1,Q4 2013
AUTOREN / EVERGREEN,17419.03,17419.03,10/01/2013,Opp-LYRECO SWITZERLAND AG-Q4 2013-2,Q4 2013
AUTOREN / EVERGREEN,199.27,199.27,10/01/2013,Opp-LYRECO SWITZERLAND AG-Q4 2013-1,Q4 2013
,33163.17,33163.17,10/01/2013,Opp-LOUIS DREYFUS COMMODITIES-Q4 2013-1,Q4 2013
AUTOREN / EVERGREEN,3678.89,3678.89,10/01/2013,Opp-BE/WIRTSCHAFTS- UND KADERSCHUL-Q4 2013-1,Q4 2013
,246,246,10/01/2013,Opp-Kargl Josef        TRU-Q4 2013-1,Q4 2013
AUTOREN / EVERGREEN,10101.89,10101.89,10/01/2013,Opp-KRONOSPAN SCHWEIZ AG-Q4 2013-1,Q4 2013
AUTOREN / EVERGREEN,798.04,798.04,10/01/2013,Opp-BOSE AG-Q4 2013-1,Q4 2013
AUTOREN / EVERGREEN,1782.49,1782.49,10/01/2013,Opp-JUKI AUTOMATION SYSTEMS AG-Q4 2013-1,Q4 2013
,8252.58,8252.58,10/01/2013,Opp-ISV/ECOMEDIA AG-Q4 2013-1,Q4 2013
,587.56,587.56,10/01/2013,Opp-Biergasthof Otto   TRU-Q4 2013-1,Q4 2013
AUTOREN / EVERGREEN,4787.4,4787.4,10/01/2013,Opp-INTERNATIONAL SCHOOL ZH AND LU-Q4 2013-1,Q4 2013
,293.9,293.9,10/01/2013,Opp-Bose GesmbH-Q4 2013-1,Q4 2013
,338.85,338.85,10/01/2013,Opp-Henelit-Q4 2013-1,Q4 2013
AUTOREN / EVERGREEN,2372.61,2372.61,10/01/2013,Opp-HUCO AG LEUCHTENFABRIK-Q4 2013-1,Q4 2013
,4243.16,4243.16,10/01/2013,Opp-CITROEN (SUISSE) SA-Q4 2013-1,Q4 2013
AUTOREN / EVERGREEN,1935.99,1935.99,10/01/2013,Opp-CREATIVE FACTORY-Q4 2013-1,Q4 2013
AUTOREN / EVERGREEN,2523.09,2523.09,10/01/2013,Opp-GSMN VAUD SA-Q4 2013-1,Q4 2013
,31510.67,31510.67,10/01/2013,Opp-GKK STMK-Q4 2013-1,Q4 2013
,50131.4,50131.4,10/01/2013,Opp-GE/DIRECTION DES SYSTEMES-Q4 2013-1,Q4 2013
AUTOREN / EVERGREEN,1966.02,1966.02,10/01/2013,Opp-GASSMANN OTTO JACQUES AG-Q4 2013-1,Q4 2013
AUTOREN / EVERGREEN,2432.24,2432.24,10/01/2013,Opp-G/SEEGARAGE MUELLER AG-Q4 2013-1,Q4 2013
,1218.96,1218.96,10/01/2013,Opp-FTVAR/ECONIS AG-Q4 2013-1,Q4 2013
,826.49,826.49,10/01/2013,Opp-FRAMSOHN Frottier-Q4 2013-1,Q4 2013
AUTOREN / EVERGREEN,2390.44,2390.44,10/01/2013,Opp-FIDEWO AG-Q4 2013-1,Q4 2013
,8193.1,8193.1,10/01/2013,Opp-E+H SERVICES AG-Q4 2013-1,Q4 2013
AUTOREN / EVERGREEN,424.94,424.94,10/02/2013,Opp-MUSIK-MEYER AG-Q4 2013-1,Q4 2013
,195.1,195.1,10/04/2013,Opp-EDV-Design Information-Q4 2013-2,Q4 2013
,4549.69,4549.69,10/05/2013,Opp-STVAR/SISA STUDIO INFORMATICA-2013 Q4-1,Q4 2013
AUTOREN / EVERGREEN,1601.68,1601.68,10/05/2013,Opp-SANDER ERNST AG-Q4 2013-1,Q4 2013
,1361.96,1361.96,10/06/2013,Opp-BRUNO ROELLIN AG-2013 Q4-1,Q4 2013
,15676.96,15676.96,10/08/2013,Opp-DUFRY MANAGEMENT LTD-Q4 2013-1,Q4 2013
,,,10/09/2013,Opp-Scheuch GmbH-Q4 2013-3,Q4 2013
,582.85,582.85,10/12/2013,Opp-Tyrolit Schleifmittel-Q4 2013-2,Q4 2013
AUTOREN / EVERGREEN,505.4,505.4,10/15/2013,Opp-OM PHARMA-Q4 2013-1,Q4 2013
AUTOREN / EVERGREEN,11778.48,11778.48,10/15/2013,Opp-CENTONZE S.A-Q4 2013-1,Q4 2013
,898.16,898.16,10/17/2013,Opp-WIBERG AG-2013 Q4-1,Q4 2013
,2278,2278,10/18/2013,Opp-STVAR/ACOMMIT AG-2013 Q4-1,Q4 2013
,402,402,10/22/2013,Opp-MGP METRO GROUP ACCOUNT-2013 Q4-1,Q4 2013
,,,10/31/2013,Opp-Autohaus Pfaller-Q4 2013-1,Q4 2013
,706.75,706.75,10/31/2013,Opp-OSTERWALDER ZUERICH AG-2013 Q4-1,Q4 2013
,,,10/31/2013,Opp-Nutzfahrzeuge Haubner-Q4 2013-2,Q4 2013
,,,10/31/2013,Opp-Kärntner Milch Reg gen-Q4 2013-2,Q4 2013
AUTOREN / EVERGREEN,3165.64,3165.64,10/31/2013,Opp-BPIBM/KYBERNA AG-2013 Q4-1,Q4 2013
,184.05,184.05,10/31/2013,Opp-Daily Service GmbH-Q4 2013-2,Q4 2013
,826.62,826.62,11/01/2013,Opp-Zobl/Bauer Wirt.Treuh-Q4 2013-1,Q4 2013
AUTOREN / EVERGREEN,10505.82,10505.82,11/01/2013,Opp-ZLM ZENTRUM F LABORMEDIZIN-Q4 2013-1,Q4 2013
AUTOREN / EVERGREEN,1715.5,1715.5,11/01/2013,Opp-VON ROLL ITEC AG-Q4 2013-1,Q4 2013
,240.66,240.66,11/01/2013,Opp-ADEG Stadlmann     TRU-Q4 2013-1,Q4 2013
,1021.02,1021.02,11/01/2013,Opp-TRU/H/PARK-HOTEL BAD ZURZACH-Q4 2013-1,Q4 2013
,1369.2,1369.2,11/01/2013,Opp-THALES RAIL SIGNALLING-Q4 2013-1,Q4 2013
AUTOREN / EVERGREEN,5664.05,5664.05,11/01/2013,Opp-ANGST & PFISTER-Q4 2013-1,Q4 2013
,434.32,434.32,11/01/2013,Opp-Wohnbauverein Privatan-Q4 2013-1,Q4 2013
,2276.1,2276.1,11/01/2013,"Opp-STERN CREATIONS, BRANCH OF-Q4 2013-1",Q4 2013
,2051.62,2051.62,11/01/2013,Opp-SR OPERATIONS SA-Q4 2013-1,Q4 2013
,1115.76,1115.76,11/01/2013,Opp-SH/KSD VERWALTUNGSGEBAEUDE-Q4 2013-1,Q4 2013
,240.66,240.66,11/01/2013,Opp-Adeg Standlmann Wo TRU-Q4 2013-1,Q4 2013
,8743.31,8743.31,11/01/2013,Opp-Richter u Co Schuhfabr-Q4 2013-1,Q4 2013
,2155.13,2155.13,11/01/2013,Opp-PFISTER MOEBEL AG-Q4 2013-1,Q4 2013
,771.3,771.3,11/01/2013,Opp-ORF-Q4 2013-1,Q4 2013
,508.72,508.72,11/01/2013,Opp-ORF-ENTERPRISE GMBH &-Q4 2013-1,Q4 2013
,299.49,299.49,11/01/2013,Opp-ORF Vorarlberg-Q4 2013-1,Q4 2013
,153.92,153.92,11/01/2013,Opp-ORF Steiermark-Q4 2013-1,Q4 2013
,153.92,153.92,11/01/2013,Opp-ORF STUDIO INNSBRUCK-Q4 2013-1,Q4 2013
,153.92,153.92,11/01/2013,Opp-ORF Obersterreich-Q4 2013-1,Q4 2013
,153.92,153.92,11/01/2013,Opp-ORF Niedersterreich-Q4 2013-1,Q4 2013
,153.92,153.92,11/01/2013,Opp-ORF Kärnten-Q4 2013-1,Q4 2013
,153.92,153.92,11/01/2013,Opp-ORF Burgenland-Q4 2013-1,Q4 2013
,153.92,153.92,11/01/2013,Opp-ORF  SALZBURG-Q4 2013-1,Q4 2013
,8173.51,8173.51,11/01/2013,Opp-NEO TECHNOLOGIES SA-Q4 2013-1,Q4 2013
,8531.98,8531.98,11/01/2013,Opp-BA/VON ROLL ITEC AG-Q4 2013-1,Q4 2013
,2824.1,2824.1,11/01/2013,Opp-Landeshauptstadt-Q4 2013-1,Q4 2013
,13.19,13.19,11/01/2013,Opp-BAYER (SCHWEIZ) AG-Q4 2013-1,Q4 2013
,363.5,363.5,11/01/2013,Opp-BEDAG INFORMATIK AG-Q4 2013-1,Q4 2013
Stretch,1224.22,1224.22,11/01/2013,Opp-Koller + Koller GmbH-Q4 2013-1,Q4 2013
AUTOREN / EVERGREEN,6220.09,6220.09,11/01/2013,Opp-KRUEGER & CO AG-Q4 2013-1,Q4 2013
AUTOREN / EVERGREEN,1227.4,1227.4,11/01/2013,Opp-BULK TRADING SA-Q4 2013-1,Q4 2013
,294.19,294.19,11/01/2013,Opp-Inführ Ingrid Getränke-Q4 2013-1,Q4 2013
,315.6,315.6,11/01/2013,Opp-INTERNATIONAL PAPER-Q4 2013-1,Q4 2013
,789.27,789.27,11/01/2013,Opp-ING. KOTZIAN-Q4 2013-1,Q4 2013
AUTOREN / EVERGREEN,555.26,555.26,11/01/2013,Opp-CAISSE DE COMPENSATION TRAVAUX-Q4 2013-1,Q4 2013
,1302.76,1302.76,11/01/2013,Opp-HAFINA-Q4 2013-1,Q4 2013
,735.91,735.91,11/01/2013,Opp-HAFINA - HANDELS- UND-Q4 2013-1,Q4 2013
,1346.44,1346.44,11/01/2013,Opp-GÖSSL GRETE OHG-Q4 2013-1,Q4 2013
AUTOREN / EVERGREEN,2933.77,2933.77,11/01/2013,Opp-GERAMA S.A.-Q4 2013-1,Q4 2013
AUTOREN / EVERGREEN,2381.73,2381.73,11/01/2013,Opp-GEP SA PLACEMENT COLLECTIFS-Q4 2013-1,Q4 2013
,20298.46,20298.46,11/01/2013,Opp-GE Jenbacher-Q4 2013-2,Q4 2013
AUTOREN / EVERGREEN,2983.97,2983.97,11/01/2013,Opp-DISTRIBA AG-Q4 2013-1,Q4 2013
,59.96,59.96,11/01/2013,Opp-G/CITROEN SUISSE SA FR-Q4 2013-1,Q4 2013
,9361.8,9361.8,11/01/2013,Opp-DUFRY TRAVEL RETAIL AG-Q4 2013-1,Q4 2013
,244.56,244.56,11/01/2013,Opp-FERRING INTERNATIONAL-Q4 2013-1,Q4 2013
Stretch,1363.04,1363.04,11/03/2013,Opp-ISV/REHM INFORMATIC AG-Q4 2013-1,Q4 2013
Stretch,1181.21,1181.21,11/05/2013,Opp-ATM AIR TERRE MER-Q4 2013-1,Q4 2013
Stretch,690,690,11/06/2013,Opp-UNISTO AG-Q4 2013-1,Q4 2013
Stretch,1181.21,1181.21,11/08/2013,Opp-ALPI SUISSE SA-Q4 2013-1,Q4 2013
Stretch,1139,1139,11/08/2013,Opp-ESCO SA FABRIQUE DE MACHINES-Q4 2013-1,Q4 2013
Stretch,690,690,11/13/2013,Opp-WOLFFGRAMM HEINZ AG-Q4 2013-1,Q4 2013
Stretch,3944.29,3944.29,11/13/2013,Opp-LU/HOCHSCHULE LUZERN-Q4 2013-1,Q4 2013
Stretch,27134,27134,11/16/2013,Opp-VON ROLL SCHWEIZ AG-Q4 2013-1,Q4 2013
Stretch,914.04,914.04,11/16/2013,Opp-TECHNO SUPPORT AND SERVICE SA-Q4 2013-1,Q4 2013
Stretch,815.22,815.22,11/16/2013,Opp-AVESTRA CHEMICAL (SUISEE) SA-Q4 2013-1,Q4 2013
Stretch,500.61,500.61,11/17/2013,Opp-FIFA FED.INT. DE FOOTBALL ASS.-Q4 2013-1,Q4 2013
Stretch,163.41,163.41,11/20/2013,Opp-GALEXIS AG-Q4 2013-1,Q4 2013
Stretch,259.75,259.75,11/22/2013,Opp-STVAR/BECHTLE REGENSDORF AG-Q4 2013-1,Q4 2013
Stretch,14370,14370,11/22/2013,Opp-FEDERATION DES ENTREPRISES-Q4 2013-1,Q4 2013
Stretch,1734.97,1734.97,11/24/2013,Opp-B/BAER JULIUS & CO. AG-Q4 2013-1,Q4 2013
Stretch,505,505,11/25/2013,Opp-VNSP/STERCI SA-Q4 2013-1,Q4 2013
AUTOREN / EVERGREEN,633.13,633.13,11/25/2013,Opp-B/TG/KANTONALBANK ABT. EDV-Q4 2013-1,Q4 2013
Stretch,1829,1829,11/26/2013,Opp-TAAGN/ECONIS AG-Q4 2013-3,Q4 2013
Stretch,690,690,11/29/2013,Opp-AUDATEX (SCHWEIZ) GMBH-Q4 2013-1,Q4 2013
Stretch,,,11/30/2013,Opp-LINDT & SPRUENGLI-Q4 2013-1,Q4 2013
At Risk,35440.98,35440.98,11/30/2013,Opp-ISYS SOFTWARE SA-Q4 2013-1,Q4 2013
AUTOREN / EVERGREEN,,,12/01/2013,Opp-ADUNO SA-Q4 2013-1,Q4 2013
Stretch,1363.04,1363.04,12/01/2013,Opp-ASSISTENT + PARTNER AG-Q4 2013-1,Q4 2013
Stretch,42.21,42.21,12/02/2013,Opp-B/AP ANLAGE & PRIVATBANK AG-Q4 2013-1,Q4 2013
Stretch,1139,1139,12/02/2013,Opp-HESS METALLE AG-Q4 2013-1,Q4 2013
Stretch,959.19,959.19,12/05/2013,Opp-RICHEMONT INTERNATIONAL CLIENT-Q4 2013-1,Q4 2013
Stretch,4386,4386,12/05/2013,Opp-BIEN-AIR DENTAL SA-Q4 2013-1,Q4 2013
Stretch,1139,1139,12/07/2013,Opp-VAC RENE JUNOD SA-Q4 2013-1,Q4 2013
Stretch,690,690,12/07/2013,Opp-HUELSENFABRIK LENZHARD-Q4 2013-1,Q4 2013
Stretch,14870,14870,12/08/2013,Opp-CAISSE DE COMPENSATION TRAVAUX-Q4 2013-3,Q4 2013
Stretch,500,500,12/08/2013,Opp-DUFERCO SA-Q4 2013-1,Q4 2013
Stretch,345.27,345.27,12/09/2013,Opp-SAINT-GOBAIN ISOVER S.A.-Q4 2013-1,Q4 2013
Stretch,238.1,238.1,12/11/2013,Opp-K/CONCORDIA-Q4 2013-1,Q4 2013
Stretch,574.98,574.98,12/14/2013,Opp-B/FALCON PRIVATE BANK-Q4 2013-1,Q4 2013
Stretch,690,690,12/14/2013,Opp-HAUG KOMPRESSOREN AG-Q4 2013-1,Q4 2013
Stretch,3718,3718,12/15/2013,Opp-SUNGARD (SWITZERLAND) SA ZH-Q4 2013-1,Q4 2013
Stretch,42.21,42.21,12/17/2013,Opp-VARGUS WERKZEUGTECHNIK SNEL AG-Q4 2013-1,Q4 2013
Stretch,3937,3937,12/17/2013,Opp-STVAR/UMB AG-Q4 2013-1,Q4 2013
Stretch,1139,1139,12/17/2013,Opp-SCHERRER ZEMENTW. AG-Q4 2013-1,Q4 2013
Stretch,173.16,173.16,12/21/2013,Opp-B/INTESA SANPAOLO-Q4 2013-1,Q4 2013
Stretch,811.77,811.77,12/21/2013,Opp-LUXURY GOODS INTERN (EX GUCCI)-Q4 2013-1,Q4 2013
Stretch,2278,2278,12/23/2013,Opp-DC SWISS S.A.-Q4 2013-1,Q4 2013
Stretch,,,12/24/2013,Opp-SUVA-Q4 2013-1,Q4 2013
Stretch,17701,17701,12/24/2013,Opp-SUVA ROESSLIMATT-Q4 2013-1,Q4 2013
Stretch,1139,1139,12/24/2013,Opp-BOXAL (SUISSE) SA-Q4 2013-1,Q4 2013
Stretch,690,690,12/25/2013,Opp-EMBRU-WERKE AG-Q4 2013-1,Q4 2013
Stretch,2052,2052,12/27/2013,Opp-NOVARTIS CONSUMER HEALTH SA-Q4 2013-1,Q4 2013
Stretch,3572,3572,12/28/2013,Opp-IGEFI SA-Q4 2013-1,Q4 2013
Stretch,1139,1139,12/28/2013,Opp-HAUETER FRITZ AG-Q4 2013-1,Q4 2013
Stretch,1148.46,1148.46,12/31/2013,Opp-VAC RENE JUNOD SA-Q4 2013-1,Q4 2013
Stretch,505.46,505.46,12/31/2013,Opp-STVAR/SEDNA INFORMATIK AG-Q4 2013-1,Q4 2013
Stretch,,,12/31/2013,Opp-STOERI AG-Q4 2013-1,Q4 2013
AUTOREN / EVERGREEN,927.61,927.61,12/31/2013,Opp-AVADIS VORSORGE AG-Q4 2013-1,Q4 2013
Stretch,,,12/31/2013,Opp-B+R LOGISTIK AG-Q4 2013-1,Q4 2013
Stretch,77.93,77.93,12/31/2013,Opp-HOLCIM GROUP SUPPORT LTD.-Q4 2013-1,Q4 2013
Stretch,3054,3054,12/31/2013,Opp-FED VAUDOISE ENTREPRENEURS-Q4 2013-1,Q4 2013
Stretch,,,12/31/2013,Opp-ELEVITE AG-Q4 2013-1,Q4 2013
Stretch,35090,35090,01/01/2014,Opp-CONSITEX SA-Q1 2014-1,Q1 2014
